pattern,length,text
사진=뒤,38,사진=뉴시스 취재문의 sportal@sportalkorea.co.kr
사진=뒤,153,사진=뉴시스 [STN뉴스] 반진혁 기자 | LG 트윈스가 안방 복귀 후 우승 세리머니를 진행했다. LG 트윈스는 지난 10월 31일 대전 한화생명볼파크에서 치러진 한화 이글스와의 2025 신한 쏠뱅크 KBO 포스트시즌 한국시리즈 5차전에서 4-1로 승리했다. LG는 한국시리
사진=뒤,153,사진=김동윤 기자 LG 선수단이 1일 서울 잠실야구장에서 열린 2025년 한국시리즈 우승 기념 '한국시리즈 통합우승 IN 잠실' 행사에서 우승 세리머니를 하고 있다. /사진=LG 트윈스 제공 통산 4번째 한국시리즈 우승을 차지한 LG 트윈스 선수단이 팬들과 함께한 축승회를 
사진=뒤,153,사진=김동윤 기자 LG 김진성(가운데 흰색 티)이 1일 서울 잠실야구장에서 열린 2025년 한국시리즈 우승 기념 '한국시리즈 통합우승 IN 잠실' 행사에서 팬들에게 둘러싸여 팬서비스를 하고 있다. /사진=김동윤 기자 예정된 일정은 오후 5시 관중 입장부터 오후 6시 30분에
사진=뒤,153,"사진=LG 트윈스 제공 LG 선수단이 1일 서울 잠실야구장에서 열린 2025년 한국시리즈 우승 기념 '한국시리즈 통합우승 IN 잠실' 행사에서 우승 세리머니를 하고 있다. /사진=LG 트윈스 제공 박해민은 ""한국시리즈 2차전 시작하기 전에 마지막 홈경기가 될 수 있으니 잘하"
사진=뒤,153,"사진=김동윤 기자 선수들이 더 신난 자체 청백전이었다. 당초 계획은 오후 7시 45분부터 오후 8시 30분까지 이닝 제한 없이 진행하기로 했으나, 선수들이 더 신나 8시 40분까지 4이닝 게임으로 마무리됐다. 임찬규 팀이 박해민 팀에 5-4로 승리한 가운데, 투·타에서 임찬"
사진=뒤,9,사진=김동윤 기자
사진=뒤,46,사진=KIA 타이거즈 제공 취재문의 sportal@sportalkorea.co.kr
사진=뒤,153,사진=한화) [더게이트] 미국 야구 통계분석 사이트 팬그래프가 올 시즌 KBO리그를 평정한 외국인 선수들의 메이저리그 복귀 가능성을 평가했다. 31일(한국시간) 팬그래프는 '아시아 리그 선수 스카우팅'이라는 제목의 기사를 통해 한화 이글스의 괴물 에이스 코디 폰세를 비롯한 
사진=뒤,153,"사진=SSG) SSG 랜더스의 에이스 드류 앤더슨에 대해서도 긍정적인 평가가 나왔다. 팬그래프는 앤더슨의 FV를 45로 책정했다. ""2025년 가장 주목할 만한 성적을 냈다. 95마일 이상의 구속을 1년 내내 유지했고 KBO리그 타자 245명을 삼진으로 돌려 세우면서 볼넷은"
사진=뒤,153,"사진=삼성) 반면 삼성 라이온즈의 홈런왕 르윈 디아즈에 대해선 엇갈린 전망이 나왔다. 디아즈는 올 시즌 144경기에 전 경기 출전해 타율 0.314, 50홈런, 158타점을 기록했다. 홈런, 타점, 장타율 부문에서 1위를 차지하며 타격 3관왕에 올랐다. 외국인 타자 최초 5"
사진=뒤,20,"사진=한화 이글스, 코디 폰세 SNS"
사진=뒤,153,사진=스포츠월드 김종원 기자 “말이 안 되는 것 같아요. (지금은) 한 명의 야구 팬으로서 지켜봤습니다.” 2025 미국 메이저리그(MLB) 월드시리즈(WS·7전4선승제)의 여운이 머나먼 한국까지 맴돌았다. 심지어 대표팀 훈련장마저 뜨거운 여운으로 들썩였을 정도다. 특히 K
사진=뒤,153,사진=AP/뉴시스 같은 날 경기 고양시 국가대표야구훈련장에서 모인 대표팀 선수들도 이 모습을 지켜봤다. 공교롭게 훈련장 도착 시간과 이 경기 마지막 이닝이 맞물렸다. 몇몇 선수들은 버스에서 내리면서도 경기 상황을 확인하기 위해 휴대폰에 온 시선을 뒀을 정도다. 나아가 다저스
사진=뒤,153,"사진=뉴시스 감탄은 멈추지 않는다. “벼랑 끝에서 팀을 구해내는 활약이었다”고 운을 뗀 원태인은 “더 큰 무대, 더 큰 중압감 속에서 계속해서 더 강한 볼을 뿌리고 있었다. 야마모토 선수를 보면서 ‘나도 저렇게 할 수 있을까’ 생각을 많이 했다. 느낀 점이 많다”고 강조했다"
사진=뒤,9,사진=AP/뉴시스
사진=뒤,153,사진=연합뉴스 [진병두 마니아타임즈 기자]  한국 야구대표팀이 2026년 월드베이스볼클래식(WBC) 대비를 위한 첫 훈련을 시작했다. 류지현 감독이 이끄는 대표팀이 2일 경기도 고양시 국가대표야구훈련장에 모였다. KS를 치른 LG·한화 선수 12명을 제외한 21명이 첫 훈련
사진=뒤,153,사진=연합뉴스 LG 트윈스의 우승에는 몇 차례 터닝 포인트가 있었다. 시작은 7월 22일 광주 KIA 타이거즈전이었다. LG는 이날 4-1로 앞서다가 8회 말 불펜 난조로 6점을 뺏겼다. 그러나 9회 초 박해민의 동점 3점 홈런이 터져 9-7로 재역전승했다. 박해민과 염경엽
사진=뒤,153,"사진=구단 제공 LG는 10월 1일 극적으로 정규시즌 우승을 달성했다. 이날 LG는 최종전에서 NC 다이노스에 패하며 자력 우승을 놓친 터였다. 그러나 같은 날 한화 이글스가 SSG 랜더스에 역전패하면서 LG가 KS에 직행했다. 한화가 1일 SSG전, 3일 KT전까지 이겼다"
사진=뒤,153,"사진=구단 제공 박동원은 지난 27일 KS 2차전 팀이 5-4로 역전한 3회 말 류현진에게 홈런을 뽑았다. 그는 ""류현진 선배는 최고의 투수가 아닌가. (내 타석에서 실투가 들어온 건) 우주의 기운이 내게 향한 것""이라고 말했다. 이어 LG는 30일 KS 4차전에서 1-4로"
사진=뒤,124,"사진=구단 제공 '우승 주장'이 된 박해민은 ""올해 (LG의) 정규시즌이나 KS 경기를 보면 끝날 때까지 끝난 게 아니다(It ain't over, till it's over)'라는 격언이 떠오른다""고 말했다. 이형석 기자"
사진=뒤,60,"사진=게티이미지코리아, 뉴시스, 삼성 라이온즈 제공 취재문의 sportal@sportalkorea.co.kr"
사진=뒤,153,"사진=BFA) [더게이트] 한국 여자야구 대표팀이 눈물을 흘려야 했다. 단 한 곳의 스폰서도 없이 시작된 여정, 그 끝에서 메달은 없었다. 하지만 누구를 탓할 수 있을까. 결과보다 더 깊은 상처를 남긴 건, 여전히 달라지지 않은 열악한 여자야구의 현실이다. 대표팀은 지난달 "
사진=뒤,153,"사진=BFA) 이지아가 한층 성장한 기량으로 아시안컵 두 번째 대회에 나섰다. (사진=BFA) 여자야구는 여전히 외롭다 사회인 리그를 제외하면, 엘리트 선수로서 뛸 수 있는 정규 리그조차 없는 상황이다. 선수들은 생계를 위한 일을 병행하며 훈련을 이어가고 있으며, 국가대표에"
사진=뒤,7,사진=BFA)
사진=뒤,20,"사진=고양, 김유민 기자 / 연합뉴스"
사진=뒤,12,사진=엑스포츠뉴스 DB
사진=뒤,153,사진=LG) [더게이트] 2년 만의 통합 우승. 그리고 본격적인 왕조 구축을 향한 도전. LG 트윈스가 진정한 강팀으로 자리매김하기 위해 반드시 지켜야 할 두 이름이 있다. 바로 외야수 김현수(37)와 캡틴 박해민(35)이다. 염경엽 LG 감독 역시 이 점을 누구보다 잘 알
사진=뒤,153,"사진=LG) 박해민, 팀을 움직이는 엔진 박해민은 두 번째 FA 자격을 앞두고 있다. 하지만 그의 마음은 이미 LG에 머물러 있다. ""재계약하고 싶은 마음은 당연하다. 이 팀이 정말 멋있는 팀이라는 걸 이번 KS에서 다시 느꼈다. 단장님과 잘 얘기해서 좋은 방향으로 갔으면 "
사진=뒤,153,"사진=LG) 공은 이제 구단에게 김현수는 조용히, 박해민은 웃으며 자신들의 마음을 전했다. 이제 구단이 그 진심에 어떻게 답할지가 남았다. 김현수와 박해민을 지키는 일은 단지 계약서에 사인하는 문제가 아니다. 그것은 LG의 방향성과 정체성을 결정짓는 선택이 될 것이다. LG"
사진=뒤,153,"사진=강영조 선임기자 ""세계에서 가장 비싼 투수라고 하지만 가성비가 좋은 투수라고 생각한다."" LA 다저스에 우승 트로피를 안긴 야마모토 요시노부(27)를 두고 야구 팬들 사이에 도는 우스갯소리다. 한국 야구 대표팀의 투수조 조장 원태인(25·삼성 라이온즈)도 고개를 끄덕였"
사진=뒤,11,사진=강영조 선임기자
사진=뒤,19,사진=엑스포츠뉴스DB / 인스타그램
사진=뒤,153,"사진=양정웅 기자 NC 다이노스가 11월 4일부터 24일까지 일본 오키나와에서 'CAMP 1 오키나와'를 진행한다. NC가 시즌 종료 후 실시하는 'CAMP 1'은 지나간 시즌을 정리하는 '마무리 훈련'이 아닌 다음 시즌을 준비하기 위한 캠프로, 2018년부터 이 명칭을 사"
사진=뒤,13,사진=NC 다이노스 제공
사진=뒤,12,사진=엑스포츠뉴스 DB
사진=뒤,153,"사진=삼성 라이온즈 제공 올해 젊은 선수들의 발전이 두드러졌던 삼성 라이온즈. '박진만호 2기'를 맞이해 새 이름 발굴에 나선다. 삼성은 ""지난 10월 31일 2026시즌을 대비한 일본 오키나와 마무리 캠프 일정을 시작했다""고 3일 밝혔다. 삼성 선수단은 31일 김해국제공항"
사진=뒤,13,사진=삼성 라이온즈 제공
사진=뒤,153,사진=더게이트 박승민 기자) [더게이트=고양] 삼성 라이온즈 김영웅이 대표팀 동갑내기 안현민과의 '03즈' 케미에 대해 솔직한 속내를 털어놨다. 3일 고양 국가대표 야구 훈련장에서 열린 K-BASEBALL SERIES 평가전 대비 훈련을 마친 뒤 취재진 인터뷰에 응한 김영웅
사진=뒤,153,"사진=KT) 김영웅은 ""안현민이 좋은 친구인데 정상은 아니다""라고 일침을 놓았다. 뒤이어 안현민의 소속팀 KT 위즈 동료인 박영현에게 들은 얘기를 전했다. ""박영현이 그 얘기를 해주더라. '애는 착하다'고 했다."" 현장은 웃음바다가 됐다. 김영웅은 안현민에 관한 얘기를 이어"
사진=뒤,153,"사진=더게이트 박승민 기자) 김영웅은 허리 부상의 여파로 ""지금 무게를 들면 안 될 것 같은 몸 상태라 웨이트는 하지 않는다""고 했지만, ""안현민이 웨이트를 해야 한다고 하루 종일 얘기한다""고 전했다. 이어 ""안현민은 또 밥을 계속 먹자고 한다. 계속 배고프다고 하고, 좀 "
사진=뒤,153,"사진=더게이트 박승민 기자) [더게이트=고양] ""(대표팀에) 오니까 참 신기하다."" 커리어 첫 성인 국가대표에 선발된 김영웅의 소감이다. 3일 고양 국가대표 야구 훈련장에서 열린 2025 K-BASEBALL SERIES 평가전 대비 훈련에서 김영웅은 취재진을 만나 이같이 말"
사진=뒤,153,"사진=더게이트 박승민 기자) 김영웅은 ""아직은 실감이 잘 안 난다. 일단 열심히 하고 있다""고 소감을 밝혔다. 국가대표 인연이 깊지 않았던 이유를 묻자 ""지금도 부족하지만 그때는 더 부족했다. 안 되는 걸 인정했다""며 ""국가대표로 나간다는 생각도 잘 안 해봤다""고 털어놨다."
사진=뒤,153,"사진=삼성) 포스트시즌 활약은 더 돋보였다. 소속팀 삼성은 정규시즌을 4위로 마친 뒤 NC 다이노스와의 와일드카드 결정전부터 SSG 랜더스 상대 준플레이오프, 한화 이글스 상대 플레이오프까지 가을야구만 11경기를 치렀다. 김영웅은 허리 부상으로 1경기를 결장했지만 포스트시즌"
사진=뒤,153,"사진=삼성) 올 시즌 유격수로 1.1이닝을 소화한 것을 제외하면 전 경기 3루수로 출전한 김영웅이다. 다만 이번 평가전 엔트리에는 출중한 3루수들이 넘친다. LG 트윈스 문보경과 한화 이글스 노시환, 상무 피닉스 한동희에 키움 히어로즈 송성문까지 모두 타격이 출중하다. 김영"
사진=뒤,12,사진=엑스포츠뉴스 DB
사진=뒤,153,"사진=삼성 라이온즈 제공 KBO 리그를 대표하는 거포로 활약한 박병호(39·삼성 라이온즈)가 20년 프로 생활을 마감하며 팬들에게 고마움을 전했다. 박병호는 3일 에이전시인 리코스포츠에이전시를 통해 ""지금까지 응원해 주신 모든 분들, 진심으로 감사드린다""며 은퇴 소감을 전했"
사진=뒤,13,사진=삼성 라이온즈 제공
사진=뒤,153,"사진=양정웅 기자 지난해 여러모로 안 풀리던 시즌을 보낸 오영수(25·NC 다이노스)가 올해 다시 1군에 모습을 드러냈다. 결과와는 별개로 희망을 찾을 수 있었다. 오영수는 2025시즌 1군 67경기에 출전, 타율 0.232(155타수 36안타) 3홈런 23타점 14득점, "
사진=뒤,153,"사진=NC 다이노스 제공 최근 스타뉴스와 만난 오영수는 지난해 힘든 시간을 돌아보며 ""가만히 있으면 생각이 드니까 나가서 움직였다""며 ""맛있는 것도 먹고, 취미생활도 했다""고 밝혔다. 이어 ""그렇게 하니 시간이 지나면서 괜찮아졌다""고 전했다. ""고생을 많이 했다""며 올 시즌"
사진제공뒤,154,사진제공=LG 트윈스 LG 선수들이 샴페인 세리머니를 마치고 기념촬영을 했다. 사진제공=LG 트윈스 한국시리즈 MVP 김현수가 행사에 입장하는 팬에게 직접 응원 타올을 나눠주고 있다. 사진제공=LG 트윈스 [잠실=스포츠조선 권인하 기자]LG 트윈스가 우승의 감동이 가시기 24
사진제공뒤,154,사진제공=LG 트윈스 LG 선수들이 즐겁게 샴페인 세리머니를 하고 있다. 사진제공=LG 트윈스 이후 박해민의 눈물 등 선수들과 한국시리즈의 비하인트 스몰 토크를 나누고 선수들과 팬의 응원가 합창을 한 뒤 선수들이 직접 사인한 볼을 관중석에 선물하는 시간도 가지고 화려한 불꽃놀
사진제공뒤,154,"사진제공｜LG 트윈스 LG 트윈스의 황금기를 구축하기 위해 김현수(37), 박해민(35) 두 베테랑이 꼭 필요하다. ‘2025 신한 SOL 뱅크 KBO리그’ 주인공은 LG였다. 정규시즌 우승에 이어 한화 이글스와 한국시리즈(KS·7전4선승제)서 시리즈 전적 4승1패로 승리하며"
사진제공뒤,154,사진제공｜NC 다이노스 NC 다이노스가 2026시즌을 앞두고 김경태 前 LG 트윈스 투수코치(50)를 영입했다. 김 코치는 2021시즌부터 LG의 투수코치로 활약했다. 퓨처스(2군)리그에서 시작해 2023시즌 LG의 통합우승(정규시즌+한국시리즈) 당시 1군 투수코치를 맡았다.
사진제공뒤,154,사진제공｜KBO “한국시리즈(KS·7전4선승제) 이전부터 교감했다.” 올 시즌 LG 트윈스의 통합우승(정규시즌+KS)을 이끈 박해민(35)이 ‘K-베이스볼시리즈(평가전)’ 대표팀에서도 주장을 맡는다. 류지현 대표팀 감독은 4일 고척스카이돔에서 진행된 훈련에 앞서 박해민의 주장
사진제공뒤,154,사진제공=KBO 사진제공=KBO [스포츠조선 권인하 기자]처음으로 지방자치단체가 KBO리그 2군인 퓨처스리그에 참가한다. KBO와 울산광역시는 5일 울산시청에서 KBO 퓨처스리그 참가 협약을 체결했다. 이번 협약을 통해 울산시는 2026년 KBO 퓨처스리그 참가를 위한 선수단
사진제공뒤,154,사진제공｜KBO KBO와 울산광역시는 5일 울산시청에서 KBO 퓨처스(2군)리그 참가 협약을 체결했다. KBO는 “이번 협약을 통해 울산시는 2026년 KBO 퓨처스리그 참가를 위한 선수단 구성과 행정절차를 KBO와 협의해 추진해 나갈 예정”이라며 “또 울산 문수야구장 관중석
사진제공뒤,154,"사진제공=KIA 타이거즈 21일 광주KIA챔피언스필드에서 열린 NC와 KIA의 경기, KIA 선발투수 이의리가 역투하고 있다. 광주=허상욱 기자wook@sportschosun.com/2025.09.21/ 이의리는 오키나와로 떠나기 앞서 ""성적이 많이 안 좋아서 스스로 반성을 "
사진제공뒤,154,사진제공=LG 트윈스 한국시리즈 MVP 김현수가 롤렉스 시계를 찬 팔을 들어올리고 밝게 웃고 있다. 사진제공=LG 트윈스 '2025 KBO리그 LG트윈스 통합우승 기념행사'가 6일 곤지암리조트 그랜드볼룸에서 열렸다. 사진제공=LG 트윈스 LG 트윈스는 6일 곤지암리조트 그랜드
사진제공뒤,154,"사진제공=LG 트윈스 '2025 KBO리그 LG트윈스 통합우승 기념행사'가 6일 곤지암리조트 그랜드볼룸에서 열렸다. 사진제공=LG 트윈스 오지환에 이어 두번째로 롤렉스 시계를 찬 김현수는 ""이런 의미 있는 선물을 주신 구단주님께 감사드리고, 감독님, 코치님들, 또 좋은 동료들"
사진제공뒤,154,사진제공｜KT 위즈 KT 위즈가 일본프로야구(NPB) 라쿠텐 골든이글스와 팽팽한 접전 끝에 무승부를 기록했다. KT는 7일 대만 타오위안의 라쿠텐 타오위안 야구장에서 열린 ‘2025 타오위안 아시아 프로야구 교류전’에서 골든이글스와 1-1로 비겼다. 이강철 KT 감독은 유준규
사진제공뒤,154,"사진제공｜KT 위즈 KT는 골든이글스와 팽팽히 맞섰다. KT는 0-0으로 맞선 4회초 2사 2루서 요시노(78번)에게 1타점 3루타를 허용해 선제 실점했다. 하지만 KT는 0-1로 뒤진 5회말 1사 후 최동희, 유준규의 연속안타로 1·3루를 만든 뒤, 후속 이강민의 1타점 우"
사진제공뒤,154,"사진제공=NC 다이노스 7명이 한 조를 이뤄 동시에 타격 훈련을 진행하고 있다. 사진제공=NC 다이노스 [오키나와(일본)=스포츠조선 김민경 기자] ""아까 타격하다 토하더라고요. 쥐 난 선수도 있고."" 이호준 NC 다이노스 감독은 7일 일본 오키나와 기노자손 야구장에서 마무리캠"
사진제공뒤,154,"사진제공=NC 다이노스 NC 다이노스 박시원. 사진제공=NC 다이노스 이 감독은 ""나는 야구가 뇌에서 스트라이크를 치라고 해서 치는 게 아니라 몸이 반응하는 것이라고 생각한다. 사실은 0.4초만에 날아오는 동글동글한 공을 맞힌다는 것 자체가. 몸이 반응해서 움직여서 맞겠지만,"
사진제공뒤,12,사진제공=NC 다이노스
사진제공뒤,154,"사진제공=KIA 타이거즈 [오키나와(일본)=스포츠조선 김민경 기자] ""타이거즈를 대표하는 3루수가 되고 싶습니다."" KIA 타이거즈 신인 내야수 박종혁(18)은 큰 꿈을 안고 일본 오키나와행 비행기에 몸을 실었다. 오키나와 마무리캠프에 부름을 받은 신인은 박종혁과 김민규, 한"
사진제공뒤,154,"사진제공=KIA 타이거즈 KIA 타이거즈 박종혁. 사진제공=KIA 타이거즈 박종혁은 고교 시절 3루 수비는 안정적인 평가를 받았다. KIA 코치진도 박종혁의 수비를 지켜본 뒤 ""잘 배워왔다""고 칭찬했다. 박종혁은 ""수비를 안정적으로 한다는 인상을 심어주고 싶다. 잘 배워왔다고"
사진제공뒤,13,사진제공=KIA 타이거즈
사진제공뒤,154,사진제공｜KT 위즈 KT 위즈가 ‘2025 타오위안 아시아 프로야구 교류전’을 1무1패로 마무리했다. KT는 9일 라쿠텐 타오위안 야구장에서 열린 대만프로야구(CPBL) 라쿠텐 몽키스와 경기에서 3-6으로 졌다. 7일 일본프로야구(NPB) 라쿠텐 골든이글스와 1-1로 비긴 K
사진제공뒤,154,사진제공｜KT 위즈 경기 초반 분위기는 KT가 주도했다. KT는 0-0으로 맞선 2회초 1사 1·3루서 강민성의 희생플라이로 기선을 제압했다. 1-0으로 앞선 4회초 무사만루선 최동희가 밀어내기 볼넷을 골라내며 한 점 보탰다. KT는 몽키스가 4·5회말 연속득점하며 2-3으로
사진제공뒤,154,사진제공=KT 위즈 사진제공=KT 위즈 사진제공=KT 위즈 [스포츠조선 권인하 기자]KT 위즈가 '2025 타오위안 아시아 교류전'에서 대만 프로야구 라쿠텐 몽키스에 접전 끝에 역전패를 당했다. KT는 9일 대만 타오위안시 라쿠텐 타오위안구장에서 열린 대회 3일째 라쿠텐 몽키
사진제공뒤,12,사진제공-삼성라이온즈)
사진제공뒤,154,"사진제공=KIA 타이거즈 [스포츠조선 김민경 기자] ""정말 많이 화가 났습니다."" KIA 타이거즈 우완 투수 이도현은 지난 7월 2일 광주 SSG 랜더스전 선발투수로 이름을 올렸다. 휘문고를 졸업하고 2023년 7라운드로 KIA에 입단해 처음 1군에 데뷔하는 무대였다. 당시 "
사진제공뒤,154,"사진제공=KIA 타이거즈 KIA 타이거즈 이도현. 사진제공=KIA 타이거즈 이도현은 ""멘탈이 가장 큰 문제인 것 같았다. 마운드에서 나 자신이랑만 싸우고 있었으니까. 그게 가장 아쉬웠고, 코스라든지 볼 배합과 같은 세세한 것들을 많이 배운 시간이었다. 화는 감정이니까 시간이 "
사진제공뒤,154,"사진제공=KT 위즈 [스포츠조선 김용 기자] 어떻게 1억7000만원에 154km 강속구 투수를 데려왔나. KT 위즈 가 구단 첫 아시아쿼터 선수로 일본인 투수 스기모토를 선택했다. KT는 13일 스기모토와 연봉 9만달러, 인센티브 3만달러 총액 12만달러에 입단 계약을 체결했"
사진제공뒤,154,"사진제공=KT 위즈 좋은 공을 가진 투수인만큼 다른 구단들도 존재는 알고 있었다. 하지만 KT의 지극 정성이 통했다. 아시아쿼터 제도 도입이 확정되고서부터, 스기모토에 공을 들였다. 이 카드, 저 카드 만지작 거리는 게 아니라 처음부터 '너와 함께 하고 싶다'는 믿음으로 계약"
사진제공뒤,154,"사진제공=롯데 자이언츠 [미야자키(일본)=스포츠조선 김영록 기자] ""감독님이 제게 기회를 많이 주셔서 면목이 없긴 한데, 매번 아팠어가지고…한번만 더 기회를 주십시오. 꼭 팀에 도움이 되는 모습 보여드리겠습니다."" 군복무 도중 팀이 바뀌었다. 제대 후 이름까지 바꿨다. 최이준"
사진제공뒤,154,"사진제공=롯데 자이언츠 ""아쉽다. 한동안은 정말 속상했다. 내가 왜 이랬을까 자책도 했다. 이젠 '앞으로는 아프지 않도록 해보자'는 마음 하나로 여기까지 왔다. 다행히 직구 구속이 돌아온 점이 기쁘다. 최고 151㎞, 평균 148, 149㎞까지 끌어올렸다. 슬라이더도 전에는 "
사진제공뒤,154,"사진제공=롯데 자이언츠 ""(이)승헌이 형, (박)로건이랑 재활군에서 정말 많은 이야기를 하면서 서로에게 많은 위로가 되고, 큰 힘이 됐던 거 같다. 승헌이형이 덩치는 크지만 사람은 활발하고 밝은 성격이다. 우리 모두 고생한 만큼 앞으로 꼭 잘됐으면 좋겠다."" 군필 파이어볼러는"
사진제공뒤,154,"사진제공=두산 베어스 시장이 열리고 박찬호를 향해서 두산을 비롯해 복수의 구단이 관심을 표했다. 두산은 김재호가 은퇴한 이후 확실하게 주전으로 올라서는 유격수가 없었다. 시장이 열리고 곧바로 박찬호 측과 접촉을 했고, 결국 영입전 최종 승자가 됐다. 박찬호는 SNS를 통해 K"
사진제공뒤,11,사진제공=두산 베어스
사진제공뒤,154,사진제공｜LG 트윈스 LG 트윈스가 KBO 경력자 라클란 웰스 (28)를 품었다. LG는 18일 호주 출신의 좌완투수 웰스를 아시아쿼터로 영입했다.연봉은 20만 달러(약2억 9천만 원)로 아시아쿼터 선수에 지급할 수 있는 계약 규모 상한선을 모두 채웠다. 웰스는 KBO 유경험
사진제공뒤,154,"사진제공=한화 이글스 [스포츠조선 김영록 기자] 8년간 몸담은 팀을 떠나 유니폼을 갈아입었다. 떠나간 거포를 향한 팬들의 원망에 강백호 가 직접 입을 열었다. 한화 이글스 는 20일 ""자유계약선수(FA) 강백호를 영입했다. 계약 규모는 4년간 계약금 50억원, 연봉 30억원,"
사진제공뒤,154,사진제공=한화 이글스 기사에서는 제가 언제 출국한다 쇼케이스를 한다 구단과 세 번 만났다 등 여러 이야기가 나왔지만 시즌 개장 날 제가 첫 오퍼를 부탁드렸음에도 오지 않았고 출국 날짜가 얼마 남지 않았을 때 첫 오퍼가 제시되었습니다 그 오퍼를 기다리는 동안 정말 많은 생각을 
사진제공뒤,154,사진제공=한화 이글스 비록 유니폼은 바뀌지만 팬분들께서 제게 보내주신 따뜻한 마음은 평생 잊지 않고 간직하겠습니다. 언제 어디서든 팬분들이 자랑스러워할 수 있는 선수가 될 수 있도록 더욱 열심히 뛰겠습니다. 지금까지 정말 감사했습니다. 그리고 앞으로도 야구 선수 강백호를 응원
사진제공뒤,11,사진제공=한화 이글스
사진제공뒤,154,"사진제공=LG 트윈스 사진제공=LG 트윈스 사진제공=LG 트윈스 [스포츠조선 권인하 기자]""참 고맙다."" LG 트윈스 차명석 단장이 FA 박해민 과 계약을 한 뒤 한 말이다. 박해민이 예상을 깨고 LG에 남았다. 한국시리즈 우승 후 팬들 앞에서 마이크를 잡고 잔류하고 싶다고 "
사진제공뒤,154,사진제공｜KIA 타이거즈 KIA 타이거즈 가 베테랑 좌완투수 이준영 (33)과 동행을 이어간다. KIA는 23일 이준영과 3년 최대 12억 원 규모의 프리에이전트(FA) 계약을 체결했다. 심재학 단장(53)은 “이준영은 왼손 스페셜리스트로 꾸준히 제 역할을 해온 선수로 팀 내
사진제공뒤,154,"사진제공｜KIA 타이거즈 이준영은 2015 신인드래프트 2차 4라운드 42순위로 KIA에 입단한 원클럽맨이다. 본격적으로 자리 잡은 2021시즌부터는 5시즌 연속 50경기 이상 등판하며 불펜진에 활력을 불어넣었다. 정규시즌 통산 성적은 400경기 13승8패67홀드2세이브, 평"
사진제공뒤,154,"사진제공｜KIA 타이거즈 KIA는 이준영이 필요하다. 좌완 불펜투수 곽도규 (21), 최지민 (22) 등이 있지만, 곽도규는 올해 5월 팔꿈치 내측 측부 인대 재건술(토미존 수술)을 받아 회복 및 재활에 나서 내년 전반기 등판이 불투명하다. 최지민은 제구 난조로 기복 있는 투"
사진제공뒤,154,"사진제공｜KIA 타이거즈 KIA는 비시즌이 어느 해보다 머리가 아프다. 선수단의 중심축인 최형우(42), 양현종(37) 등 내부 FA 자원이 6명이나 됐기 때문이다. 이들 중 주전 유격수 박찬호 (30·두산 베어스)와 한승택 (31·KT 위즈)은 이적을 선택했다. KIA는 2"
사진제공뒤,39,사진제공｜KIA 타이거즈 박정현 기자 pjh60800@donga.com
사진제공뒤,154,"사진제공=키움 히어로즈 프로야구 키움 히어로즈 (대표이사 위재민)가 3일부터 24일까지 22일간 강원특별자치도 원주시 태장체육단지 야구장에서 진행한 2025시즌 마무리캠프를 성공적으로 종료했다. 이번 캠프에는 외야수 이형종 , 임지열 등 30명의 선수가 참가해 기본기 강화와 "
사진제공뒤,154,"사진제공=kt위즈 프로야구 kt 위즈가 11일부터 20일까지 수원시 각 동 행정복지센터와 함께 '사랑의 김장 나눔 행사'를 진행하며 지역사회에 따뜻한 온기를 전했다. 이번 행사는 수원시 조원동, 송죽동, 영화동 등 야구장 인근 총 8개 동에서 진행했다. 각 행정복지센터를 중심"
사진제공뒤,154,사진제공｜KBO KT 위즈 안현민 (22)이 신인상 수상의 영예를 안았다. 안현민은 24일 서울 롯데호텔월드 크리스탈볼룸에서 열린 ‘2025 신한 SOL 뱅크 KBO 시상식’에서 신인상 수상자로 선정됐다. 그는 기자단 유효 투표 125표 중 110표(득표율 88%)를 얻어 정
사진제공뒤,154,"사진제공｜KBO 안현민은 올 시즌 112경기(선발 109경기)에 출전해 타율 0.334, 22홈런, 80타점, OPS(출루율+장타율) 1.018로 활약했다. 출루율 0.448로 이 부문 1위를 차지한 그는 타율 2위, 장타율 3위로 각종 비율 기록 부문에서 두각을 나타냈다. "
사진제공뒤,154,사진제공=KT 위즈 [스포츠조선 김민경 기자] 두산 베어스 도 롯데 자이언츠 도 아니었다. 올겨울 FA 시장 큰손은 단연 KT 위즈 다. KT는 25일에만 외부 FA 계약 2건을 터트렸다. 이날 오후 베테랑 외야수 김현수 와 3년 50억원 계약을 발표했다. 김현수는 올해 LG
사진제공뒤,154,"사진제공=두산 베어스 LG 트윈스 김인석 사장(왼쪽)과 박해민. 사진제공=LG 트윈스 KT는 의외의 큰손이었다. 박찬호 영입전이 과열됐을 때 두산을 가장 긴장하게 했던 팀이 KT였고, 중견수 박해민 영입전도 마찬가지였다. 박해민은 지난 21일 원소속팀 LG 트윈스와 4년 65"
사진제공뒤,154,사진제공｜KT 위즈 KT 위즈가 6시간 만에 프리에이전트(FA) 시장서 두 명을 영입하며 큰손으로 떠올랐다. KT는 25일 FA 외야수 최원준(28)과 4년 최대 48억 원(계약금 22억 원·연봉 총 20억 원·인센티브 6억 원)에 계약을 체결했다. 구단은 이날 오후 1시경 
사진제공뒤,154,"사진제공｜KT 위즈 나도현 KT 단장은 “최원준은 1군 경험이 풍부하고, 공수주 능력을 두루 갖춘 외야수다. 센터라인을 강화하기 위해서 영입했다”며 “최원준은 지금보다 더 좋은 성적을 낼 수 있는 선수라고 기대하고 있다. 외야진에 새로운 활력소 역할을 해주기를 바란다”고 말했"
▲뒤,151,▲ 이범호 감독을 보좌할 코치진을 대폭 개편한 KIA는 오키나와 마무리캠프에서 강도 높은 훈련으로 젊은 선수들의 기량을 살찌운다는 계획이다 ⓒ곽혜미 기자 [스포티비뉴스=김태우 기자] 2024년 11월과 2025년 11월 KIA의 분위기가 확연히 다르다. 팀 성적의 차이에
▲뒤,151,"▲ 다소간 모호한 보직에서 벗어나 2026년 타격 파트를 책임지는 김주찬 코치 ⓒKIA타이거즈 일부 유임한 코치들도 있지만 코칭스태프가 상당 부분 개편된 결과물을 볼 수 있다. 지난해 코칭스태프 인선은 통합 우승 직후였다. 이범호 감독에 힘을 실어줄 때였고, 실제 3년 "
▲뒤,151,▲ 오선우는 수비 훈련을 위해 마무리캠프 참가를 자청했다 ⓒKIA타이거즈 지난해 마무리캠프는 사실 분위기가 약간은 어수선한 측면이 있었다. 당시는 통합 우승 직후였다. 대다수 1군 선수들은 광주에서 휴식과 훈련을 병행했다. 여기에 이 감독도 우승 직후 여러 행사나 일정이
▲뒤,45,▲ 가을 마무리캠프에서 강훈련을 예고하고 나선 이범호 KIA 감독 ⓒKIA타이거즈
▲뒤,151,"▲ 역대 최고 우승 배당금을 받게 될 전망인 2025년 한국시리즈 우승팀 LG ⓒ곽혜미 기자 [스포티비뉴스=김태우 기자] 올해 역대 최다 관중 신기록을 쓰며 흥행 가도를 달린 KBO리그는 포스트시즌 모든 경기에도 관중석을 다 채우며 돌풍을 이어 갔다. ""표가 없어서 못 "
▲뒤,151,▲ 포스트시즌 흥행에 따라 통합 우승 팀이 받는 배당금은 나날이 늘어가고 있다 ⓒ곽혜미 기자 규정에 따르면 배당금은 정규시즌 우승 팀 LG가 20%(약 17억6000만 원)을 먼저 당긴다. 정규시즌 우승 팀에게 주어지는 특권이다. 남은 80%(약 70억4000만 원)을 
▲뒤,151,"▲ LG는 징검다리 통합 우승을 기록하며 왕조 구축의 기틀을 놨다 ⓒ곽혜미 기자 1위 LG와 2위 한화 선수들이 받는 보너스 격차는 더 커진다. 보통 우승을 하면 모그룹에서 보너스가 나온다. 우승 배당금과 모그룹 보너스를 합쳐 전체 파이가 결정되고, 이를 고과 순으로 배"
▲뒤,43,▲ 정규시즌과 한국시리즈 모두에서 아쉽게 LG를 넘지 못한 한화 ⓒ곽혜미 기자
▲뒤,151,"▲ KIA는 지난해 통합 우승 전력을 거의 유지시키며 내년에도 우승을 향해 달려보겠다는 각오다 ⓒKIA타이거즈 [스포티비뉴스=김태우 기자] 지난해 통합 우승을 차지했던 팀이지만, 1년 만에 정규시즌 8위까지 떨어지는 굴욕을 맛본 KIA의 내년 목표는 명확하다. 명예 회복"
▲뒤,151,"▲ 일각에서는 리빌딩 필요성도 제기되고 있지만, KIA는 인위적인 리빌딩보다는 성적에 우선을 둔 시즌 운영을 구상하고 있다 ⓒKIA타이거즈 한편으로는 젊은 선수들의 군 문제도 무시할 수 없다. 현재 KIA 1군 엔트리의 주축을 이루고 있는 젊은 선수 중 군 문제를 해결한"
▲뒤,151,▲ 정해영을 비롯한 마운드의 젊은 선수들 상당수가 미필인 가운데 KIA는 내년 아시안게임도 신경을 써야 한다 ⓒKIA타이거즈 KIA에서 2명 정도가 병역 혜택을 받는다고 해도 나머지 선수들은 순차적으로 병역을 이행해야 한다. 전력 공백이 생길 수밖에 없다. 설상가상으로 
▲뒤,34,▲ 2026년 우승을 목표로 다시 뛰는 KIA ⓒKIA타이거즈
▲뒤,151,"▲ 포스트시즌 일정에서 부하가 컸던 문동주는 뚜렷한 체력 저하 양상을 보여줬다 ⓒ곽혜미 기자 [스포티비뉴스=김태우 기자] 10월 31일 대전한화생명볼파크에서 열린 LG와 한화의 한국시리즈 5차전 당시, 많은 야구 팬들은 1회부터 충격적인 장면을 지켜봐야 했다. 바로 한화"
▲뒤,151,▲ 문동주의 패스트볼 구속은 포스트시즌 경기를 거치며 급격하게 낮아졌다 ⓒ곽혜미 기자 삼성과 플레이오프 1차전 당시 문동주의 패스트볼 최고 구속은 시속 161.6㎞를 찍었다. 올해 KBO리그에서 가장 빠른 구속이었다. 불펜에서 나와 2이닝을 던지며 전력 투구를 한 문동주
▲뒤,151,▲ 충분한 휴식 없이 대표팀 일정에 참가해야 하는 문동주 ⓒ곽혜미 기자 부상은 아니지만 지친 몸과 마음을 이끌고 다시 일어서야 하는 문동주다. 11월 K-베이스볼 시리즈에 참가할 국가대표팀 명단에 포함됐기 때문이다. 내년 월드베이스볼클래식(WBC)에서 명예 회복을 노리는
▲뒤,38,▲ 대표팀의 차세대 에이스로 기대를 모으고 있는 문동주 ⓒ곽혜미 기자
▲뒤,151,▲삼성 라이온즈 박병호  ⓒ곽혜미 기자 ▲ 박병호 ⓒ곽혜미 기자 [스포티비뉴스=신원철 기자] '국민 거포' 박병호(전 삼성 라이온즈)가 에이전시를 통해 팬들에게 작별 인사를 건넸다. 앞으로 지도자로 제2의 커리어를 보내겠다는 계획 또한 밝혔다. 박병호는 3일 팀 동료 임
▲뒤,151,"▲ 박병호 ⓒ 스포티비뉴스 DB 은퇴를 결심한 박병호는 3일 밤 에이전시인 리코스포츠에이전시를 통해 팬들에게 작별인사를 전했다. 다음은 박병호 작별인사 전문이다. ""안녕하세요, 박병호입니다. 2005년, LG 트윈스의 지명을 받으며 어린 시절부터 꿈꾸던 프로야구 선수의 "
▲뒤,151,"▲ 현역 은퇴 후 곧바로 코치로 히어로즈 유니폼을 입게 된 박병호. ⓒ 키움 히어로즈 유튜브 ▲ 박병호 코치 선임 ⓒ키움 히어로즈 [스포티비뉴스=신원철 기자] ""히어로즈라서 다시 돌아올 수 있었다."" 그 어떤 말보다 진심이 느껴지는 한 마디 아닐까. 박병호가 현역 은퇴를"
▲뒤,151,"▲ 박병호 ⓒ 곽혜미 기자 박병호는 4일 곧바로 히어로즈에 합류했다. 아직 유니폼이 어울릴 것 같은 얼굴을 하고 선수들과 만나 ""잔류군 코치를 맡게 된 박병호입니다. 신인 선수들 입단 축하하고 더 성장할 수 있도록 도와주고 노력할 테니까 잘 따라와주기 바란다""고 인사했다"
▲뒤,17,▲ 박병호 ⓒ 스포티비뉴스 DB
▲뒤,151,▲ 임창민 ⓒ삼성 라이온즈 [스포티비뉴스=최원영 기자] 아름다운 여정에 마침표를 찍는다. 삼성 라이온즈 베테랑 투수 임창민은 최근 구단에 은퇴 의사를 밝혔다. 삼성은 지난 3일 임창민의 은퇴 소식을 공식 발표했다. 임창민은 아내의 소셜네트워크서비스(SNS) 계정을 통해 
▲뒤,151,"▲ 임창민 ⓒ삼성 라이온즈 해당 글을 게시하며 임창민의 아내도 속마음을 내비쳤다. 그는 ""올려달라고 보내준 마무리 글이 생각보다 무뚝뚝한 것이 오히려 마음을 찌른다. 어쩌면 그를 가장 가까이에서 오래 지켜본 사람으로서 은퇴를 축하하며 살포시 글을 써본다""고 운을 띄웠다."
▲뒤,151,"▲ 강민호 임창민 ⓒ곽혜미 기자 그는 ""그렇게 애쓰며 살아온 20년 혹은 30년. 예전에 야구 인생의 꿈이 뭐냐고 물었을 때 '은퇴식을 할 수 있는 선수'라고 했던 기억이 난다. 오래 몸담았던 팀을 떠나며 그 꿈은 현실적으로 멀어졌지만 이 나이까지 이렇게 치열하게 살아온"
▲뒤,151,"▲임창민 ⓒ삼성 라이온즈 임창민은 2009년 히어로즈 유니폼을 입고 프로에 데뷔했다. 2013년 NC 다이노스로 트레이드된 후 2021년까지 몸담았다. 이후 방출 통보를 받았다. 2022년 두산 베어스 소속으로 뛴 그는 다시 방출을 겪었고, 2023년 키움에서 선수 생활"
▲뒤,151,"▲ 박종태 한화 이글스 대표(왼쪽)가 채은성 주장에 김승연 회장의 선물을 전하는 모습 한화그룹은 김승연 회장이 프로야구 한화 이글스의 2025 신한 SOL뱅크 KBO 한국시리즈 준우승을 축하하며 선수단과 코치, 스태프 등 총 60명에게 한화의 상징색인 '오렌지색' 휴대전"
▲뒤,151,"▲역대 FA 계약총액 톱10(비FA 다년계약 제외)/한국시리즈 우승경력 1위 최정(SSG)-302억원(2015년 86억원+2019년 106억원+2025년 110억원)-2018년 SK, 2022년 SSG 2위 양의지(두산)-277억원(2019년 125억원+2023년 152"
▲뒤,151,"▲ 허벅지 부상으로 결국 마무리캠프에 합류하지 못해 코칭스태프의 한숨을 자아낸 윤도현 ⓒKIA타이거즈 [스포티비뉴스=오키나와(일본), 김태우 기자] 지난 4일부터 시작된 팀의 오키나와 마무리캠프를 지휘하고 있는 이범호 KIA 감독은 한 선수에 대한 질문이 나오자 멋쩍은 "
▲뒤,151,"▲ 이범호 감독은 마무리캠프를 통해 윤도현의 기량을 더 업그레이드시킨다는 계획이었지만, 부상으로 이 계획은 무산됐다 ⓒKIA타이거즈 2022년 오른손 중수골 골절, 2023년은 두 차례의 햄스트링 부상으로 이탈했다. 2024년 시즌을 앞두고 오키나와 캠프 연습 경기에서 "
▲뒤,151,"▲ 윤도현은 입단 이후 잦은 부상으로 자신의 재능을 발휘하지 못하고 있다 ⓒKIA타이거즈 특히 윤도현은 유격수·3루수·2루수를 모두 볼 수 있는 자원으로 한꺼풀만 벗겨내면 대박도 기대할 수 있는 자원이었다. 현재까지 1군 통산 47경기에서 타율 0.294, 7홈런, 25"
▲뒤,48,▲ 내년에는 반드시 건강하게 KIA 야수진에 보탬이 되어야 하는 윤도현 ⓒKIA타이거즈
▲뒤,151,"▲ KIA는 곧 열릴 FA 시장에서 주전 유격수 박찬호 잔류에 총력을 기울일 전망이다 ⓒ곽혜미 기자 [스포티비뉴스=오키나와(일본), 김태우 기자] KIA는 4일부터 일본 오키나와에서 젊은 선수들 위주의 명단을 꾸려 마무리캠프를 진행하고 있다. 예고대로 강도 높은 훈련이 "
▲뒤,151,▲ 박찬호의 거취에 따라 구단의 오프시즌이 상당히 달라질 수 있는 만큼 빠르게 결론을 내는 게 중요할 전망이다 ⓒKIA타이거즈 이범호 KIA 감독도 외부 FA 영입보다는 내부 FA 단속에 총력을 기울여 달라고 부탁한 상황이다. 감독이라면 전력 보강을 원하는 게 당연하지만
▲뒤,151,▲ KIA는 네일의 잔류 여부에 따라 내년 외국인 투수 구성 전략이 달라질 수 있다 ⓒKIA 타이거즈 외국인 선수 쪽에서도 어려움이 있는 건 마찬가지다. 팀 에이스인 제임스 네일의 재계약 전선이 장기화될 것일 유력하기 때문이다. 현재 네일은 메이저리그 일부 구단들의 관심
▲뒤,56,▲ 이범호 감독을 비롯한 현장은 오프시즌 전력 구상이 되도록 빨리 끝나길 바라고 있다 ⓒKIA타이거즈
▲뒤,151,"▲ KIA가 매년 스프링캠프와 마무리캠프에서 쓰고 있는 킨 구장은 타 팀의 부러움을 받을 만한 여건을 두루 갖췄다 ⓒKIA타이거즈 [스포티비뉴스=오키나와(일본), 김태우 기자] KBO리그에서 구하기 어려운 것은 꼭 좋은 선수만은 아니다. 좋은 지도자를 확보하는 것도 요즘"
▲뒤,151,▲ 킨 구장은 근래 들어 큰 규모의 실내 훈련장을 완공하며 마지막 약점을 지워냈다는 평가를 받는다 ⓒKIA타이거즈 그런 측면에서 KIA는 캠프 여건이 가장 좋은 팀 중 하나로 뽑힌다. KIA는 매년 2차 스프링캠프를 일본 오키나와현 킨 구장에 차린다. 킨 구장은 일본프로
▲뒤,151,▲ 킨 구장의 불펜 피칭은 날씨에 구애받지 않고 최대 4명까지 동시에 진행이 가능하다 ⓒ김태우 기자 KIA와 킨 구장의 인연은 단순히 스프링캠프로 끝나지 않는다. 마무리캠프 또한 꾸준히 킨 구장에서 진행하고 있다. 마무리캠프는 젊고 어린 선수들의 기량 향상이 주목적인 만
▲뒤,64,▲ 투수 및 야수들이 수비 훈련과 컨디셔닝을 동시에 진행할 수 있을 정도로 큰 규모를 갖춘 보조 구장 ⓒ김태우 기자
▲뒤,151,"▲ KBO가 체코와 평가전을 앞두고 리셉션을 개최했다. 왼쪽부터 마르틴 무지크, 파벨 차딤 감독, 이반 얀차렉 주한 체코 대사, KBO 허구연 총재, 류지현 감독, 주장 박해민. ⓒ KBO [스포티비뉴스=신원철 기자] 체코와 평가전을 하루 앞두고, KBO가 'K 베이스볼"
▲뒤,151,"▲ 팀의 큰 기대를 모았으나 불의의 부상으로 캠프를 조기 이탈한 김세일 ⓒKIA타이거즈 [스포티비뉴스=오키나와(일본), 김태우 기자] 이범호 KIA 감독은 지난 4일부터 일본 오키나와에서 진행 중인 마무리캠프에서 어린 선수들의 잠재력과 발전 가능성, 그리고 그 과정을 눈"
▲뒤,151,"▲ 김세일은 좌완으로 150km 이상을 던질 수 있는 강력한 구위를 자랑하는 선수지만, 이번 마무리캠프 때 그 잠재력을 1군 코칭스태프에 각인시키지 못했다 ⓒKIA타이거즈 귀국 전에 맹장염이 터진 수준까지 간 것은 아니었다. 하지만 수술 위험성이 있었고, 일본보다는 한국"
▲뒤,151,▲ 이범호 감독은 김세일의 투구 내용과 잠재력에 큰 기대를 걸었지만 정작 캠프에서는 확인하기 어려워졌다 ⓒKIA타이거즈 김세일은 용마고를 졸업하고 2023년 신인드래프트에서 KIA의 4라운드(전체 32순위) 지명을 받았다. 비록 아직 1군 경력은 없지만 구단이 올해 트레
▲뒤,45,▲ KIA 좌완 중 가장 빠른 공을 던지는 선수 중 하나인 김세일 ⓒKIA타이거즈
▲뒤,151,"▲ 이재원 ⓒ최원영 기자 [스포티비뉴스=고척, 최원영 기자] 아쉽지만 열심히 뛰어보려 한다. 한국 야구대표팀 이재원(상무)은 8일 서울 고척스카이돔에서 열린 2025 NAVER K-BASEBALL SERIES 1차전 체코와의 홈경기에 교체 출전했다. 2타수 1안타 1타점"
▲뒤,151,▲ 이재원 ⓒ곽혜미 기자 한국은 1회말과 2회말 각각 1득점씩 올려 2-0으로 앞선 뒤 빈타에 시달리며 추가점을 내지 못했다. 8회말 이재원의 귀중한 타점으로 3-0 점수를 벌리는 데 성공했다. 무사히 승리를 장식했다. 경기 후 만난 이재원은 첫 타석을 돌아봤다. 그는 
▲뒤,151,"▲ 상무 이재원 ⓒ곽혜미 기자 이재원은 대표팀 소집을 앞두고 LG 트윈스 외야수 문성주와 삼성 라이온즈 외야수 구자욱이 부상으로 이탈해 지난 1일 대체 발탁됐다. 고대하던 대표팀 경기를 치른 소감을 물었다. 이재원은 ""생각보다 많이 긴장됐다. 내겐 너무 좋은 경험이자 기"
▲뒤,151,"▲LG 트윈스 시절 이재원 이재원은 ""너무 감사하다. 감독님께서 그렇게 말씀하신 것을 후회하시지 않도록 내가 잘하는 게 첫 번째다""고 목소리를 높였다. 상무 입대 전과 비교해 발전한 점이 있을까. 이재원은 ""마인드가 많이 바뀌었다. 예전엔 멘털 면에서 흔들렸는데 이제는 "
▲뒤,151,"▲ 체코 대표팀 파벨 차딤 감독. [스포티비뉴스=고척돔, 신원철 기자] ""한국, KBO, 그리고 이런 대단한 분위기에서 경기할 수 있게 해주신 팬들께 감사합니다."" 체코는 8일 고척스카이돔에서 열린 'K 베이스볼 시리즈' 한국과 평가전 첫 경기에서 0-3으로 졌다. 타선"
▲뒤,151,▲조금 더 활발한 공격력이 나왔으면 하는 바람이 있었는데 그런 부분들이 아쉽기는 한 경기다. 그러나 젊은 불펜 투수들의 국제대회 경쟁력을 확인할 수 있는 경기였다. -초반에는 타구질이 괜찮았는데. ▲경기 감각이 떨어져 있는 것 같긴 하다. 길게 게임 안한 선수들은 한 달
괄호기자,12,(MHN 금윤호 기자)
괄호기자,19,"(엑스포츠뉴스 고양, 김유민 기자)"
괄호기자,15,(엑스포츠뉴스 김근한 기자)
괄호기자,15,(엑스포츠뉴스 조은혜 기자)
괄호기자,15,(엑스포츠뉴스 김유민 기자)
괄호기자,16,(사진=더게이트 박승민 기자)
괄호기자,16,(사진=더게이트 박승민 기자)
괄호기자,16,(사진=더게이트 박승민 기자)
괄호기자,16,(사진=더게이트 박승민 기자)
괄호기자,15,(엑스포츠뉴스 김유민 기자)
괄호기자,19,"(엑스포츠뉴스 고척, 조은혜 기자)"
괄호기자,19,"(엑스포츠뉴스 고척, 조은혜 기자)"
괄호기자,16,(사진=더게이트 배지헌 기자)
괄호기자,16,(사진=더게이트 배지헌 기자)
괄호기자,19,"(엑스포츠뉴스 고척, 김근한 기자)"
괄호기자,19,"(엑스포츠뉴스 고척, 김근한 기자)"
괄호기자,16,(사진=더게이트 박승민 기자)
괄호기자,15,(엑스포츠뉴스 조은혜 기자)
괄호기자,19,"(엑스포츠뉴스 고척, 김근한 기자)"
괄호기자,12,(MHN 금윤호 기자)
괄호기자,19,"(엑스포츠뉴스 고척, 김근한 기자)"
괄호기자,19,"(엑스포츠뉴스 고척, 조은혜 기자)"
괄호기자,19,"(엑스포츠뉴스 고척, 조은혜 기자)"
괄호기자,16,(사진=더게이트 배지헌 기자)
괄호기자,19,"(엑스포츠뉴스 고척, 김근한 기자)"
괄호기자,19,"(엑스포츠뉴스 고척, 김근한 기자)"
괄호기자,19,"(엑스포츠뉴스 고척, 김지수 기자)"
괄호기자,15,(엑스포츠뉴스 유준상 기자)
괄호기자,17,(글: 민상현 / 김정학 기자)
괄호기자,15,(엑스포츠뉴스 유준상 기자)
괄호기자,15,(엑스포츠뉴스 유준상 기자)
괄호기자,15,(엑스포츠뉴스 김근한 기자)
괄호기자,21,"(엑스포츠뉴스 김포공항, 유준상 기자)"
괄호기자,15,(엑스포츠뉴스 김지수 기자)
괄호기자,21,"(엑스포츠뉴스 김포공항, 유준상 기자)"
괄호기자,19,"(엑스포츠뉴스 도쿄, 김근한 기자)"
괄호기자,15,(엑스포츠뉴스 조은혜 기자)
괄호기자,19,"(엑스포츠뉴스 도쿄, 김근한 기자)"
괄호기자,17,(글: 민상현 / 김정학 기자)
괄호기자,16,(사진=더게이트 배지헌 기자)
괄호기자,19,"(엑스포츠뉴스 도쿄, 김근한 기자)"
괄호기자,12,(MHN 금윤호 기자)
괄호기자,15,(엑스포츠뉴스 김유민 기자)
괄호기자,15,(엑스포츠뉴스 유준상 기자)
괄호기자,16,(사진=더게이트 배지헌 기자)
괄호기자,16,(사진=더게이트 배지헌 기자)
괄호기자,16,(사진=더게이트 배지헌 기자)
괄호기자,12,(MHN 금윤호 기자)
괄호기자,15,(엑스포츠뉴스 김근한 기자)
괄호기자,15,(엑스포츠뉴스 김지수 기자)
게티뒤,57,"게티이미지코리아, 뉴시스, 삼성 라이온즈 제공 취재문의 sportal@sportalkorea.co.kr"
게티뒤,105,게티이미지코리아 류지현 야구대표팀 감독이 2026 월드베이스볼클래식(WBC) 한국 대표팀에 합류할 한국계 선수들을 두루 살피고 있다. 류 감독은 지난 9월 미국 방문길에서 미국 메이저리그에
게티뒤,105,게티이미지코리아 [마이데일리 = 고양 김진성 기자] “굉장히 적극적인 선수.” 내년 3월 월드베이스볼클래식에 태극마크를 달 수 있는 한국계 외국인선수 중 가장 적극적인 선수는 외야수 저마이
게티뒤,105,"게티이미지코리아 존스는 오른손 외야수다. 2015년 2라운드 70순위로 LA 에인절스에 입단했다. 2021년 볼티모어 오리올스, 2023년 밀워키 브루어스, 2024년 뉴욕 양키스를 거쳐 "
게티뒤,84,"게티이미지코리아 존스가 한국야구의 가려운 곳을 긁어줄 수 있을까. 돌발 변수만 없다면, 준비만 잘해서 대표팀에 합류한다면 충분히 기대해볼 만한 선수다."
게티뒤,33,게티이미지코리아 애틀랜타 브레이브스 김하성./게티이미지코리아
게티뒤,40,게티이미지코리아 취재문의 sportal@sportalkorea.co.kr
게티뒤,73,"게티이미지코리아 김영우는 ""최선을 다할 것이다. 이기는 데 제가 조금이나마 일조할 수 있도록 최선을 다할 것""이라고 힘주어 말했다."
게티뒤,105,게티이미지코리아 9연패를 끊기 위해 류지현 호가 출항한다. 한국은 오는 15-16일 일본 도쿄돔에서 일본과 평가전 2경기를 치른다. 14일 같은 곳에서 열린 공식 기자회견에서 류지현 감독은
게티뒤,105,게티이미지코리아 젠 파월 심판./게티이미지코리아 [마이데일리 = 도쿄(일본) 김경현 기자] 메이저리그 심판의 수준이 이것밖에 되지 않는가. 젠 파월 심판이 도마 위에 올랐다. 파월 심판은 
게티뒤,105,게티이미지코리아 '여성 최초'라는 명성은 한일전서 물거품이 됐다. 5회 선두타자 문현빈이 투수 방향으로 날카로운 타구를 날렸다. 공은 마운드에 맞은 뒤 크게 튀었다. 문현빈은 1루를 밟았고
게티뒤,105,게티이미지코리아 류지현 감독./도쿄(일본)=김경현 기자 [마이데일리 = 김포공항 김경현 기자] 심판이 이렇게 중요하다. 일본과의 평가전에서 심판의 부정적인 영향력이 적나라하게 드러났다. 한
게티뒤,105,게티이미지코리아 젠 파월 심판./게티이미지코리아 하지만 파월 심판의 판정은 아쉬웠다. 1차전 5회초 마운드를 맞고 튄 문현빈 의 타구를 아웃으로 처리했다. 투수의 발을 맞고 튄 것으로 봤다
게티뒤,105,"게티이미지코리아 LA 다저스 야마모토 요시노부와 윌 스미스./게티이미지코리아 [마이데일리 = 김경현 기자] ""우리는 그 결정을 존중할 것이다"" 데이브 로버츠 LA 다저스 감독이 일본 선수들"
게티뒤,105,게티이미지코리아 야마모토 요시노부(좌)와 오타니 쇼헤이(우)./게티이미지코리아 LA 다저스 야마모토 요시노부./게티이미지코리아 오타니와 야마모토는 다저스의 연속 우승을 이끌었다. 오타니는 
게티뒤,105,"게티이미지코리아 지난 14일 로버츠 감독은 ""WBC는 선수들에게도, 각국에 매우 중요한 대회다. 출전 여부는 선수가 결정하는 것이다. 선수가 출전을 선택한다면 존중해줄 것""이라면서도 ""개인"
게티뒤,105,"게티이미지코리아 [마이데일리 = 김진성 기자] 이정후 (27, 샌프란시스코 자이언츠 )를 넘는다고 하지 않았나요. 아시아 타자 기준, 메이저리그 수출 계약 최대규모는 이정후가 보유한 6년 "
게티뒤,105,"게티이미지코리아 무라카미의 포스팅은 지난 8일부터 시작됐다. 미일 포스팅시스템은 한미 포스팅시스템처럼 30일이 아닌 45일이다. 무라카미가 메이저리그 구단과 급하지 않게, 충분히 협상할 수"
게티뒤,105,게티이미지코리아 MLB.com은 무라카미를 두고 “일본 최고의 파워 히터 중 하나인 무라카미는 2022년 일본 태생 선수의 단일 시즌 최다 홈런 기록인 56개를 보유했다. 수비력과 눈에 띄
게티뒤,40,게티이미지코리아 취재문의 sportal@sportalkorea.co.kr
게티뒤,105,게티이미지코리아 [마이데일리 = 고척 김경현 기자] 김혜성 (LA 다저스)과 고우석 이 오랜만에 한국 팬들 앞에 모습을 드러냈다. 김혜성과 고우석은 30일 고척 스카이돔에서 열린 '더 제너
게티뒤,105,게티이미지코리아 고우석은 사고(?)를 쳤다. 고우석은 5회 3루 대수비로 경기에 투입됐다. 이후 2루로 자리를 옮겼다. 팀이 0-9로 뒤진 2사 만루에서 안현민이 2루수 방면 뜬공을 쳤다.
게티뒤,8,게티이미지코리아
게티뒤,105,게티이미지코리아 디트로이트 타이거즈 시절의 맷 매닝./게티이미지코리아 빅리그에서 50경기를 뛰며 11승 15패 평균자책점 4.43을 기록했다. 50경기 모두 선발로 출전했다. 2021년 메
게티뒤,105,"게티이미지코리아 디트로이트 타이거즈 시절의 맷 매닝./게티이미지코리아 야구 이적 소식을 전하는 '메이저리그 트레이드 루머스(MLBTR)'는 ""비교적 젊은 나이와 과거 유망주로서의 높은 평가"
게티뒤,105,"게티이미지코리아 한편 삼성은 매닝 영입으로 외국인 선수 구성을 마무리했다. 투수 아리엘 후라도 와 170만 달러, 타자 르윈 디아즈 와 160만 달러에 재계약을 맺었다. 또한 아시아쿼터로 "
게티뒤,105,게티이미지코리아 9일 오후 서울 구로구 고척스카이돔에서 진행된 '2025 NAVER K-BASEBALL SERIES' 대한민국-체코와의 평가전 경기. 대한민국 문현빈이 6회초 2사 만루에서
게티뒤,45,"게티이미지코리아, 뉴시스 취재문의 sportal@sportalkorea.co.kr"
게티뒤,67,"게티이미지코리아, 드류 버하겐 SNS 캡처, SSG 랜더스 제공 취재문의 sportal@sportalkorea.co.kr"
게티뒤,105,"게티이미지코리아 다저스 스카우트도 송성문에 대한 관심을 보였다. 최근 김혜성은 ""스카우트가 시즌 말쯤 (송성문에 대해) 한 번 물어봤다. 당연히 너무 좋은 선수라고 말을 했다""고 했다. 김"
게티뒤,105,"게티이미지코리아 만약 계약이 된다면 송성문도 한국인 선수와 함께 뛰고 싶다고 했다. 그는 ""크게 차이가 안 난다면 같은 팀 동료였던 선수가 있는 팀에서 하는 게 좋다. 경쟁력 있는 모습을 "
게티뒤,35,게티이미지코리아 내년 롯데 외국인 선수들은 어떤 활약을 펼칠까.
게티뒤,105,게티이미지코리아 [마이데일리 = 김진성 기자] 오타니 쇼헤이 와 야마모토 요시노부 가 월드베이스볼클래식(이하 WBC)에 나간다. 한국은 얼마나 준비된 상태일까. LA 다저스가 12일(이하 
게티뒤,105,게티이미지코리아 데이브 로버츠 감독은 일찌감치 슈퍼스타 오타니의 WBC 참가를 반대했다. 나가더라도 투수로 마운드에 오르는 일만큼은 없으면 좋겠다고 했다. 오타니는 자신의 SNS를 통해 내
게티뒤,71,"게티이미지코리아 김도영 , 안현민 , 송성문 , 노시환 , 김주원 등이 오타니나 야마모토에게 통렬한 한 방을 터트릴 수 있을까."
게티뒤,56,"게티이미지코리아, 카나쿠보 유토 SNS 캡처 취재문의 sportal@sportalkorea.co.kr"
게티뒤,35,게티이미지코리아 제휴문의 ad@sportalkorea.co.kr
게티뒤,105,게티이미지코리아 어떻게 보면 리스크가 큰 선택. 때문에 카스트로를 외야로 보낼 가능성도 있지만 분명한 건 이 선수가 외야보다 내야 경험이 조금 더 많다는 점이다. 내년 아마미오시마 스프링캠
게티뒤,105,"게티이미지코리아 [마이데일리 = 김진성 기자] 박찬호 리스크의 이중 보호인가. KIA 타이거즈 는 24일 2026시즌 새 외국인선수 4인방을 확정, 발표했다. 일찌감치 재계약한 에이스 제임"
게티뒤,105,"게티이미지코리아 지난 울산 가을교육리그에 나왔고, KIA의 일본 오키나와 마무리캠프에서 테스트를 받고 이범호 감독의 호평을 이끌어냈다는 얘기까지 나왔다. KIA는 일찌감치 데일과의 계약에 "
게티뒤,46,"게티이미지코리아, 한화 이글스 제공 제휴문의 ad@sportalkorea.co.kr"
게티뒤,105,"게티이미지코리아 헤럴드 카스트로/KIA 타이거즈 [마이데일리 = 이정원 기자] ""KIA가 능력을 높게 평가한다."" 해럴드 카스트로는 KIA 타이거즈 타선의 중심이 될 수 있을까. KIA는 "
게티뒤,105,"게티이미지코리아 메이저리그트레이드루머스(MLBTR)는 25일(한국시각) 카스트로의 KIA 이적 소식을 전했다. MLBTR는 ""카스트로는 디트로이트 소속으로 5시즌 동안 351경기를 나섰다."
게티뒤,105,"게티이미지코리아 KIA는 ""카스트로는 정교한 타격 능력을 보유한 중장거리형 타자이며, 내외야 전 수비 포지션을 소화할 수 있는 자원""이라며 ""﻿카스트로는 우수한 콘택트 능력을 보유하고 있으"
게티뒤,105,"게티이미지 고민은 결국 장타다. 올해 팀 내 홈런 1·2위가 모두 빠져나갔다. 위즈덤이 35홈런, 최형우가 24홈런을 때렸는데 둘 다 팀을 떠났다. 팀 홈런 144개 중 3분의 1 이상이 "
게티뒤,56,"게티이미지코리아, 두산 베어스, KIA 타이거즈 제공 제휴문의 ad@sportalkorea.co.kr"
게티뒤,46,"게티이미지코리아, 한화 이글스 제공 제휴문의 ad@sportalkorea.co.kr"
게티뒤,105,게티이미지코리아 디트로이트 타이거즈 시절의 맷 매닝./게티이미지코리아 관건은 탈삼진이다. 마이너리그 통산 9이닝당 탈삼진 비율(K/9)은 10.6개로 준수하다. 하지만 메이저리그에서는 6.
게티뒤,105,"게티이미지코리아 샌프란시스코 자이언츠 시절 황재균./게티이미지코리아 [마이데일리 = 이정원 기자] ""마지막 시즌에도 경쟁력을 보여준 채 선수 생활을 마무리했다."" 메이저리그트레이드루머스(M"
게티뒤,105,"게티이미지코리아 MLBTR는 ""메이저리그 몇 차례 콜업과 마이너리그를 오갔지만, 성과는 다소 아쉬웠다. 메이저리그 첫 안타를 홈런으로 장식했는데, 개인 세 번째 타석에서 콜로라도 투수 카일"
